<?xml version="1.0"?>
<!--
 PACKAGE:  Virtual Garage Door - Monitoring and control of conventional garage
           door openers in Indigo
  MODULE:  Actions.xml
   TITLE:  Define and initialize the Virtual Garage Door action objects
FUNCTION:  Actions.xml defines the structure of the action objects, specifies
           GUI labels, and sets default values.
   USAGE:  Actions.xml is read by the indigo server during plugin startup.
  AUTHOR:  papamac
 VERSION:  0.5.0
    DATE:  December 27, 2020


CHANGE LOG:

v0.5.0  12/27/2020  Initial beta version.
-->

<Actions>

	<!-- ############### Close/Open/Toggle the Garage Door ################ -->

	<Action id="closeGarageDoor" uiPath="DeviceActions" deviceFilter="self">
		<Name>Close Garage Door</Name>
		<CallbackMethod>closeGarageDoor</CallbackMethod>
	</Action>

	<Action id="openGarageDoor" uiPath="DeviceActions" deviceFilter="self">
		<Name>Open Garage Door</Name>
		<CallbackMethod>openGarageDoor</CallbackMethod>
	</Action>

	<Action id="toggleGarageDoor" uiPath="DeviceActions" deviceFilter="self">
		<Name>Toggle Garage Door</Name>
		<CallbackMethod>toggleGarageDoor</CallbackMethod>
	</Action>

</Actions>

