<?xml version="1.0"?>
<!--
 PACKAGE:  Virtual Garage Door - Monitoring and control of conventional garage
           door openers in Indigo
  MODULE:  Devices.xml
   TITLE:  Define and initialize the Virtual Garage Door device objects
FUNCTION:  Devices.xml defines the structure of the device objects, specifies
           GUI labels, and sets default values.
   USAGE:  Devices.xml is read by the indigo server during plugin startup.
  AUTHOR:  papamac
 VERSION:  0.9.3
    DATE:  June 30, 2022


CHANGE LOG:

v0.5.0  12/27/2020  Initial beta version.
v0.6.0   2/16/2021  Add fields to name the on/off sensor/actuator states
                    defaulting with the usual "onOffState".  This allows the
                    use of EasyDAQ digital input/output/relay devices that
                    include the channel number in the state name, e.g.,
                    "channel01".
v0.7.0    9/9/2021  Change opener device type to relay for compatibility with
                    the HomeKit Bridge plugin.  Eliminate the numeric door
                    state and change it to a descriptive door status.
v0.9.0   5/31/2022  Add a new monitored device called activationSensor that
                    turns on when the garage door opener is activated.  Keep
                    the openerRelay (formally actuatorRelay) only for use in
                    controlling the door.  Add a field to specify the relay
                    channel number for EasyDAQ relays.
v0.9.2   6/13/2022  Add a new vibration sensor to the monitored devices. Change
                    the opener relay to the activation relay and recognize its
                    role as a sensor device as well as an activation control
                    device.  Replace the full sensor names with two character
                    abbreviated names to simplify the state processing code in
                    plugin.py.
v0.9.3   6/30/2022  Add hidden travel timer fields to the opener device
                    ConfigUI to allow common initialization and validation
                    methods to be used for all monitored devices.  Add hidden
                    xxConfig fields for other monitored device fields to
                    manage ConfigUI visibility for optional devices.
v1.0.1   7/23/2022  Add a new vsResetDelay field to allow the user to set the
                    time available for residual shaking after the door stops.
                    Permit travel time to be a floating point number.
-->

<Devices>

    <!-- ############### Virtual Garage Door Opener Device ################ -->

    <Device id="opener" type="relay"
            subType="kRelayDeviceSubType.GarageController">
        <Name>Virtual Garage Door Opener</Name>
        <ConfigUI>

            <!-- ############ Garage Door Travel Time (tTime) ############# -->

            <Field id="tTimeTitle" type="label" alignText="center">
                <Label>Garage Door Travel Time</Label>
            </Field>

            <Field id="tTimeSpacer" type="label">
                <Label> </Label>
            </Field>

            <Field id="tTime" type="textfield" defaultValue="12.0">
                <Label>Open/Close Travel Time (seconds):</Label>
            </Field>

            <Field id="tTimeLabel" type="label" fontSize="small"
                   fontColor="darkgray" alignWithControl="true">
                <Label>Specify a time that is slightly longer than the door's nominal open/close travel time.</Label>
            </Field>

            <!-- ##################### Devices Header ##################### -->

            <Field id="devicesSeparator" type="separator"> </Field>

            <Field id="devicesTitle" type="label" alignText="center">
                <Label>Garage Door Sensor/Control Devices (select at least one)</Label>
            </Field>

             <Field id="mDevConfig" type="textfield" hidden="true">
                <Label> </Label>
            </Field>

             <!-- ################## Activation Relay (ar) ################# -->

            <Field id="arSpacer" type="label">
                <Label> </Label>
            </Field>

            <Field id="arConfig" type="checkbox" defaultValue="false"
                   hidden="true">
                <Label> </Label>
            </Field>

            <Field id="ar" type="menu">
                <Label>Activation Relay</Label>
                <List class="self" method="getRelayDeviceList"
                      dynamicReload="yes"/>
                <CallbackMethod>setArConfig</CallbackMethod>
            </Field>

            <Field id="arState" type="textfield" defaultValue="onOffState"
                   visibleBindingId="arConfig" visibleBindingValue="true">
                <Label>on/off State Name:</Label>
            </Field>

            <Field id="arLabel" type="label" fontSize="small"
                   fontColor="darkgray" alignWithControl="true"
                   visibleBindingId="arConfig" visibleBindingValue="true">
                <Label>Optionally select a normally open momentary contact relay that activates the garage door opener.  The relay device state is off if the relay is open and on if it is closed; there is no invert option.  For EasyDAQ devices, the on/off state name is the channel number "channelnn" (nn = 01-24).</Label>
            </Field>

            <Field id="arDevId" type="textfield" hidden="true">
                <Label> </Label>
            </Field>

            <!-- ################### Closed Sensor (cs) ################### -->

            <Field id="csSpacer" type="label">
                <Label> </Label>
            </Field>

            <Field id="csConfig" type="checkbox" defaultValue="false"
                   hidden="true">
                <Label> </Label>
            </Field>

            <Field id="cs" type="menu">
                <Label>Closed Sensor:</Label>
                <List class="self" method="getSensorDeviceList"
                      dynamicReload="yes"/>
                <CallbackMethod>setCsConfig</CallbackMethod>
            </Field>

            <Field id="csState" type="textfield" defaultValue="onOffState"
                    visibleBindingId="csConfig" visibleBindingValue="true">
                <Label>on/off State Name:</Label>
            </Field>

            <Field id="csInvert" type="checkbox" defaultValue="false"
                   visibleBindingId="csConfig" visibleBindingValue="true">
                <Label>Invert on/off State:</Label>
            </Field>

            <Field id="csLabel" type="label" fontSize="small"
                   fontColor="darkgray" alignWithControl="true"
                   visibleBindingId="csConfig" visibleBindingValue="true">
                <Label>Optionally select an on/off sensor and state name that indicates the door's closed state.  Check "Invert" if the sensor is "off" when the door is fully closed; uncheck it if not.  For EasyDAQ devices, the on/off state name is the channel number "channelnn" (nn = 01-24).</Label>
            </Field>

            <Field id="csDevId" type="textfield" hidden="true">
                <Label> </Label>
            </Field>

            <!-- #################### Open Sensor (os) #################### -->

            <Field id="osSpacer" type="label">
                <Label> </Label>
            </Field>

            <Field id="osConfig" type="checkbox" defaultValue="false"
                   hidden="true">
                <Label> </Label>
            </Field>

            <Field id="os" type="menu">
                <Label>Open Sensor:</Label>
                <List class="self" method="getSensorDeviceList"
                      dynamicReload="yes"/>
                <CallbackMethod>setOsConfig</CallbackMethod>
            </Field>

            <Field id="osState" type="textfield" defaultValue="onOffState"
                   visibleBindingId="osConfig" visibleBindingValue="true">
                <Label>on/off State Name:</Label>
            </Field>

            <Field id="osInvert" type="checkbox" defaultValue="false"
                   visibleBindingId="osConfig" visibleBindingValue="true">
                <Label>Invert on/off State:</Label>
            </Field>

            <Field id="osLabel" type="label" fontSize="small"
                   fontColor="darkgray" alignWithControl="true"
                   visibleBindingId="osConfig" visibleBindingValue="true">
                <Label>Optionally select an on/off sensor and state name that indicates the door's open state.  Check "Invert" if the sensor is "off" when the door is fully open; uncheck it if not.  For EasyDAQ devices, the on/off state name is the channel number "channelnn" (nn = 01-24).</Label>
            </Field>

            <Field id="osDevId" type="textfield" hidden="true">
                <Label> </Label>
            </Field>

             <!-- ################# Vibration Sensor (vs) ################# -->

            <Field id="vsSpacer" type="label">
                <Label> </Label>
            </Field>

            <Field id="vsConfig" type="checkbox" defaultValue="false"
                   hidden="true">
                <Label> </Label>
            </Field>

            <Field id="vs" type="menu">
                <Label>Vibration Sensor:</Label>
                <List class="self" method="getSensorDeviceList"
                      dynamicReload="yes"/>
                <CallbackMethod>setVsConfig</CallbackMethod>
            </Field>

            <Field id="vsState" type="textfield" defaultValue="onOffState"
                   visibleBindingId="vsConfig" visibleBindingValue="true">
                <Label>on/off State Name:</Label>
            </Field>

            <Field id="vsInvert" type="checkbox" defaultValue="false"
                   visibleBindingId="vsConfig" visibleBindingValue="true">
                <Label>Invert on/off State:</Label>
            </Field>

            <Field id="vsResetDelay" type="textfield" defaultValue="1.5"
                   visibleBindingId="vsConfig" visibleBindingValue="true">
                <Label>Reset Delay Time (seconds):</Label>
            </Field>

            <Field id="vsLabel" type="label" fontSize="small"
                   fontColor="darkgray" alignWithControl="true"
                   visibleBindingId="vsConfig" visibleBindingValue="true">
                <Label>Optionally select an on/off sensor and state name that captures a vibration event.  Check "Invert" if the sensor is "off" when vibration occurs; uncheck it if not.  Set a reset delay time to prevent false activations from residual shaking after the door stops.</Label>
            </Field>

            <Field id="vsDevId" type="textfield" hidden="true">
                <Label> </Label>
            </Field>

           <!-- #################### Travel Timer (tt) ################### -->

            <Field id="tt" type="textfield" hidden="true">
                <Label> </Label>
            </Field>

            <Field id="ttState" type="textfield"
                   defaultValue="timerStatus.active" hidden="true">
                <Label> </Label>
            </Field>

            <Field id="ttDevId" type="textfield" hidden="true">
                <Label> </Label>
            </Field>

        </ConfigUI>

        <!-- ########################## States ############################ -->

        <States>

            <State id="doorStatus">
                <ValueType>
                    <List>
                        <Option value="open">Open</Option>
                        <Option value="closed">Closed</Option>
                        <Option value="stopped">Stopped</Option>
                        <Option value="opening">Opening</Option>
                        <Option value="closing">Closing</Option>
                    </List>
                </ValueType>
                <TriggerLabel>Door State Changed</TriggerLabel>
                <TriggerLabelPrefix>Door State is</TriggerLabelPrefix>
                <ControlPageLabel>Door State</ControlPageLabel>
                <ControlPageLabelPrefix>Door State is</ControlPageLabelPrefix>
            </State>

        </States>

        <UiDisplayStateId>doorStatus</UiDisplayStateId>

    </Device>
</Devices>
