<?xml version="1.0"?>
<!--
 PACKAGE:  Virtual Garage Door - Monitoring and control of conventional garage
           door openers in Indigo
  MODULE:  PluginConfig.xml
   TITLE:  Define and initialize Virtual Garage Door logging options
FUNCTION:  PluginConfig.xml defines the structure of the configuration GUI,
           specifies GUI labels, and sets default values.
   USAGE:  PluginConfig.xml is read by the indigo server during plugin startup.
  AUTHOR:  papamac
 VERSION:  0.5.0
    DATE:  December 27, 2020


CHANGE LOG:

v0.5.0  12/27/2020  Initial beta version.
v0.9.5   7/10/2022  Add logAll checkbox.
-->

<PluginConfig>

    <Field id="loggingLevel" type="menu" defaultValue="INFO">
        <Label>Logging Level:</Label>
        <List>
            <Option value="THREAD">Thread Debug</Option>
            <Option value="DEBUG">Debug</Option>
            <Option value="INFO">Info</Option>
            <Option value="WARNING">Warning</Option>
            <Option value="ERROR">Error</Option>
            <Option value="CRITICAL">Critical</Option>
        </List>
    </Field>

    <Field id="logAll" type="checkbox" defaultValue="false"
           visibleBindingId="loggingLevel"
           visibleBindingValue="(THREAD, DEBUG)">
        <Label>Log all monitored device events</Label>
    </Field>

    <Field id="threaddebug" type="label" alignWithControl="true"
           fontColor="darkgray"
           visibleBindingId="loggingLevel" visibleBindingValue="THREAD">
        <Label>Log threaddebug messages and higher</Label>
    </Field>

    <Field id="debug" type="label" alignWithControl="true" fontColor="darkgray"
           visibleBindingId="loggingLevel" visibleBindingValue="DEBUG">
        <Label>Log debug messages and higher</Label>
    </Field>

    <Field id="info" type="label" alignWithControl="true" fontColor="darkgray"
           visibleBindingId="loggingLevel" visibleBindingValue="INFO">
        <Label>Log info messages and higher</Label>
    </Field>

    <Field id="warning" type="label" alignWithControl="true"
           fontColor="darkgray"
           visibleBindingId="loggingLevel" visibleBindingValue="WARNING">
        <Label>Log warning messages and higher</Label>
    </Field>

    <Field id="error" type="label" alignWithControl="true" fontColor="darkgray"
           visibleBindingId="loggingLevel" visibleBindingValue="ERROR">
        <Label>Log error and critical messages only</Label>
    </Field>

    <Field id="critical" type="label" alignWithControl="true"
           fontColor="darkgray"
           visibleBindingId="loggingLevel" visibleBindingValue="CRITICAL">
        <Label>Log critical messages only</Label>
    </Field>

</PluginConfig>
